﻿<body version="1.0" name="默认皮肤" author="oFplayer" >
	<win id="videofm" left="0" top="0" w="stageWidth" h="stageHeight-27" background="1" backgroundColor="0x000000" backgroundAlpha="1">
		<video id="video" left="0" top="0" w="100%" h="100%" />
		<button id="bigPlay" left="10" bottom="10" src="大暂停键.png" action="play" displayMode="oFplayer.playback.State,Ready|Pause|Stop|PlayEnd" hidden="true" />
		<img x="10" y="10" src="orivonLogo.png" />
	</win>
	<win id="console" align="0" bottom="0" w="stageWidth" h="27" background="1" backgroundColor="0xffffff" backgroundAlpha="1">
		<img id="conbottom" left="0" bottom="0" w="monitorWidth" src="控制栏bg.png" />

		<button id="pause" x="8" valign="0" src="暂停键.png" action="pause" hidden="true" disable="true" />
		<button id="play" x="8" valign="0" src="播放键.png" action="play" hidden="true" />
		
		<img x="29" valign="0" src="分割线.png" />
		
		<text left="36" top="4" w="30" h="20" value="oFplayer.playback.positionStr" textColor="0xffffff" textAlign="center" />
		<text left="63" top="4" w="7" h="20" value="/" textColor="0xffffff" textAlign="center" />
		<text left="67" top="4" w="30" h="20" textColor="0xffffff" value="oFplayer.fileinfo.durationStr" textAlign="center" />
		
		<img x="101" valign="0" src="分割线.png" />
		
		<button x="109" valign="0" src="上一曲.png" action="prev" />
		<button x="122" valign="0" src="下一曲.png" action="next" />
		
		<timeslide id="progress" left="135" valign="0" w="stageWidth-265" track="进度条背景.png" icon="进度条控制键.png" />
		
		<img right="120" valign="0" src="分割线.png" />

		<button id="unmute" right="100" valign="0" src="静音键.png" action="unmute" hidden="true" disable="true" />
		<button id="mute" right="103" valign="0" src="未静音键.png" action="mute" hidden="true" />
		
		<volslide id="volslide" right="52" valign="0" w="45" track="音量选区.png" icon="音量控制键.png" />
		
		<img right="42" valign="0" src="分割线.png" />
		
		<button id="normalscreen" right="11" valign="0" src="全屏.png" action="normalscreen" hidden="true" />
		<button id="fullscreen" right="11" valign="0" src="全屏.png" action="fullscreen" hidden="true" />
		
	</win>
	<menu target="body">
	</menu>
	<event id="fullScreen">
		<action>setsize,videofm,stageWidth,stageHeight-27</action>
		<action>setsize,video,100%,100%</action>

		<action>adjust,console,w,monitorWidth</action>
		<action>adjust,progress,w,monitorWidth-265</action>
		<action>adjust,console,bottom,0</action>
		<action>adjust,console,displayMode,float</action>
	</event>
	<event id="normalScreen">
		<action>setsize,videofm,stageWidth,stageHeight-27</action>
		<action>setsize,video,100%,100%</action>

		<action>adjust,console,w,stageWidth</action>
		<action>adjust,progress,w,stageWidth-265</action>
		<action>adjust,console,bottom,0</action>
		<action>adjust,console,displayMode,normal</action>
	</event>
	<event id="resizeScreen">
	</event>
</body>