﻿<body version="1.0" name="默认皮肤" author="oFplayer" >
	<win id="console" align="0" bottom="0" w="stageWidth" h="27" background="1" backgroundColor="0xffffff" backgroundAlpha="1">
		<img id="conbottom" left="0" bottom="0" w="100%" src="控制栏bg.png" />

		<button id="pause" x="8" valign="0" src="暂停键.png" action="pause" hidden="true" disable="true" />
		<button id="play" x="8" valign="0" src="播放键.png" action="play" hidden="true" />
		
		<img x="29" valign="0" src="分割线.png" />
		
		<text left="36" top="4" w="30" h="20" value="oFplayer.playback.positionStr" textColor="0xffffff" textAlign="center" />
		<text left="63" top="4" w="7" h="20" value="/" textColor="0xffffff" textAlign="center" />
		<text left="67" top="4" w="30" h="20" textColor="0xffffff" value="oFplayer.fileinfo.durationStr" textAlign="center" />
		
		<img x="101" valign="0" src="分割线.png" />
		
		<timeslide id="progress" left="105" valign="0" w="stageWidth-190" track="进度条背景.png" icon="进度条控制键.png" />
		
		<img right="75" valign="0" src="分割线.png" />

		<button id="unmute" right="55" valign="0" src="静音键.png" action="unmute" hidden="true" disable="true" />
		<button id="mute" right="58" valign="0" src="未静音键.png" action="mute" hidden="true" />
		
		<volslide id="volslide" right="7" valign="0" w="45" track="音量选区.png" icon="音量控制键.png" />
		
	</win>
	<menu target="body">
	</menu>
</body>