﻿<body version="1.0" name="默认皮肤" author="oFplayer" >
	<win id="videofm" left="0" top="0" w="stageWidth" h="stageHeight" background="1" backgroundColor="0x000000" backgroundAlpha="1">
		<video id="video" left="0" top="0" w="100%" h="100%" />
		<img x="10" y="10" src="orivonLogo.png" />
	</win>
	<win right="0" bottom="0" w="60" h="27" background="1" backgroundAlpha="0.5" backgroundColor="0xffffff" displayMode="float" >
		
		<text right="31" top="4" w="30" h="20" value="oFplayer.playback.FileLoadProgress" textColor="0x000000" textAlign="center" />
		
		<img right="32" valign="0" src="分割线.png" />
		
		<button id="normalscreen" right="8" valign="0" src="全屏.png" action="normalscreen" hidden="true" />
		<button id="fullscreen" right="8" valign="0" src="全屏.png" action="fullscreen" hidden="true" />
		
	</win>
	<menu target="body">
	</menu>
	<event id="fullScreen">
		<action>setsize,videofm,stageWidth,stageHeight</action>
		<action>setsize,video,100%,100%</action>
	</event>
	<event id="normalScreen">
		<action>setsize,videofm,stageWidth,stageHeight</action>
		<action>setsize,video,100%,100%</action>
	</event>
	<event id="resizeScreen">
	</event>
</body>